id,interval_1,interval_2,interval_3,interval_4,interval_5,interval_6,interval_7,interval_8,interval_9,interval_10,interval_11,interval_12,interval_13,interval_14,interval_15,interval_16,interval_17,interval_18,interval_19,interval_20,interval_21,interval_22,interval_23,interval_24,interval_25,interval_26,interval_27,interval_28,interval_29,interval_30,interval_31,interval_32,interval_33,interval_34,interval_35,interval_36,interval_37,interval_38,interval_39,interval_40,interval_41,interval_42,interval_43,interval_44,interval_45,interval_46,interval_47,interval_48,power-usage-class
1,0.3571782608695652,0.32877826086956524,0.16709130434782607,0.14671739130434783,0.14603260869565218,0.1435891304347826,0.1484804347826087,0.1486173913043478,0.14698478260869566,0.09794565217391303,0.08910217391304348,0.16315217391304349,0.1986130434782609,0.17496956521739132,0.16070652173913044,0.10174782608695651,0.10337391304347827,0.0997,0.16152391304347827,0.13436304347826086,0.1433217391304348,0.2251217391304348,0.19305434782608694,0.1143891304347826,0.04781521739130435,0.042100000000000005,0.034767391304347826,0.06343478260869566,0.06520217391304348,0.05541304347826087,0.07987608695652174,0.0855804347826087,0.1196804347826087,0.16274565217391304,0.15853695652173913,0.20160652173913043,0.18611521739130432,0.17510217391304347,0.16478478260869564,0.14576739130434782,0.30867391304347824,0.28067608695652174,0.44711956521739127,0.42769347826086956,0.4207608695652174,0.4211695652173913,0.39834782608695657,0.39765869565217393,2
2,0.9316282608695652,0.7804065217391304,0.7016065217391304,0.5870717391304348,0.41926956521739134,0.3475326086956522,0.22633695652173913,0.13176521739130437,0.11655434782608695,0.11805,0.11519565217391305,0.23692826086956523,0.2588086956521739,0.1815,0.1986108695652174,0.16614782608695652,0.1461782608695652,0.11180434782608695,0.10501304347826088,0.05814130434782609,0.0828695652173913,0.06072391304347827,0.09265217391304349,0.13083260869565216,0.15460869565217392,0.0682,0.062215217391304346,0.08355,0.08409347826086956,0.1044695652173913,0.1296021739130435,0.19291956521739131,0.2559630434782609,0.3535130434782609,0.4009282608695652,0.41383695652173913,0.3849,0.3400608695652174,0.30473260869565216,0.3021521739130435,0.2802782608695652,0.2728,0.2710347826086956,0.2536413043478261,0.5439934782608696,0.8177695652173912,0.9014717391304348,0.9973956521739131,0
3,0.6241565217391305,0.6333978260869565,0.6280978260869565,0.6210326086956522,0.5820478260869565,0.5449434782608695,0.530141304347826,0.47198913043478263,0.4036347826086956,0.3518782608695652,0.32837173913043477,0.34345652173913044,0.5457630434782609,0.5363869565217392,0.48054347826086957,0.4878782608695652,0.6056804347826087,0.39440434782608697,0.3744326086956522,0.3658695652173913,0.34698478260869564,0.3618,0.4423673913043478,0.4362608695652174,0.39467608695652173,0.37932173913043477,0.3729413043478261,0.42524347826086956,0.4033695652173913,0.4585413043478261,0.4589478260869565,0.4533760869565217,0.4066239130434782,0.4403347826086957,0.492095652173913,0.4583934782608696,0.48950869565217386,0.5613891304347826,0.7105717391304348,0.6865260869565217,0.8073065217391304,0.7925086956521739,0.7692717391304348,0.7377478260869565,0.7965760869565217,0.7275608695652174,0.6088021739130436,0.557445652173913,3
4,0.3677717391304348,0.40119347826086954,0.3984847826086957,0.39861739130434787,0.33828913043478265,0.29819782608695655,0.2395195652173913,0.2392413043478261,0.24699130434782607,0.24182173913043475,0.2181804347826087,0.19059782608695652,0.17062608695652173,0.17660652173913044,0.3010586956521739,0.38597608695652175,0.4756565217391304,0.6067695652173913,0.6331260869565217,0.5600304347826087,0.502695652173913,0.4196782608695652,0.3297304347826087,0.29657391304347824,0.2431782608695652,0.19711956521739132,0.2228021739130435,0.24345,0.25242173913043475,0.2154608695652174,0.24304565217391302,0.3325891304347826,0.32632826086956523,0.3696760869565217,0.3941347826086957,0.37851304347826087,0.4396478260869565,0.46899565217391304,0.533258695652174,0.49942608695652174,0.5439934782608696,0.6760652173913043,0.6901956521739131,0.6723869565217392,0.6256565217391304,0.4645086956521739,0.38190217391304343,0.41206521739130436,0
5,0.13964565217391306,0.14249565217391305,0.14005434782608694,0.1316413043478261,0.13476086956521738,0.13570869565217392,0.12986956521739132,0.1344913043478261,0.13394565217391305,0.12850434782608697,0.13407608695652176,0.15025,0.16410869565217392,0.14114347826086956,0.0866586956521739,0.07457173913043479,0.019143478260869567,0.08287173913043479,0.0845086956521739,0.05176304347826087,0.01983478260869565,0.0144,0.008691304347826086,0.01195217391304348,0.04088913043478261,0.05202608695652174,0.043195652173913045,0.0538,0.03151521739130435,0.03355434782608696,0.025265217391304346,0.04279130434782609,0.07594347826086957,0.11207826086956521,0.16669347826086958,0.2726608695652174,0.32687826086956523,0.35350869565217397,0.31356739130434785,0.31342608695652174,0.31981086956521737,0.31913478260869566,0.2815021739130435,0.23801304347826088,0.20432173913043478,0.18692826086956524,0.16356304347826087,0.15038478260869564,2
6,0.18992608695652172,0.1887021739130435,0.15500217391304347,0.15066086956521738,0.15296739130434783,0.15459347826086955,0.15486739130434782,0.15282826086956522,0.15595652173913044,0.15541304347826088,0.15378695652173913,0.19888478260869566,0.21274782608695653,0.3067673913043478,0.2957521739130435,0.1709021739130435,0.1491717391304348,0.12905869565217393,0.08531304347826087,0.03817391304347826,0.030560869565217395,0.026626086956521737,0.01113695652173913,0.010184782608695653,0.03260217391304348,0.012767391304347828,0.006243478260869566,0.004886956521739131,0.02159782608695652,0.02784782608695652,0.027167391304347827,0.04306521739130435,0.05569347826086957,0.08097173913043478,0.0739,0.12891521739130435,0.2077195652173913,0.26138913043478257,0.3020152173913043,0.31016521739130437,0.27605869565217395,0.25514130434782606,0.25310434782608693,0.2389695652173913,0.2177695652173913,0.21411086956521738,0.20609130434782608,0.19114782608695652,2
7,0.48992608695652173,0.4891043478260869,0.43299565217391306,0.41505652173913044,0.4058152173913044,0.40364347826086955,0.4018782608695652,0.3927717391304348,0.3662717391304348,0.3412782608695652,0.3388304347826087,0.2884260869565217,0.21329347826086958,0.20785217391304348,0.21559347826086958,0.24807826086956522,0.2717217391304348,0.2857065217391304,0.2997086956521739,0.4907391304347826,0.5117869565217391,0.38502826086956526,0.4933130434782608,0.4229347826086956,0.5245608695652174,0.5450847826086956,0.4653304347826087,0.5457608695652174,0.5613956521739131,0.5620630434782609,0.5425021739130436,0.6306782608695652,0.6740217391304347,0.5753891304347826,0.5624760869565217,0.5914152173913044,0.5520173913043479,0.5282369565217391,0.5741608695652174,0.5816369565217392,0.6422304347826087,0.6874717391304348,0.6827195652173913,0.6202152173913044,0.5839434782608696,0.5783739130434783,0.5256565217391305,0.48258043478260876,0
8,0.3717391304347826,0.38396739130434787,0.36929347826086956,0.3611413043478261,0.3489130434782609,0.35190217391304346,0.36168478260869563,0.33722826086956526,0.34211956521739134,0.34157608695652175,0.2736413043478261,0.25081521739130436,0.27391304347826084,0.26059782608695653,0.28396739130434784,0.2671195652173913,0.25923913043478264,0.26521739130434785,0.2817934782608696,0.27880434782608693,0.2926630434782609,0.2679347826086957,0.23369565217391305,0.22445652173913042,0.2334239130434783,0.29184782608695653,0.328804347826087,0.31929347826086957,0.26820652173913045,0.2826086956521739,0.23777173913043478,0.2279891304347826,0.26168478260869565,0.26358695652173914,0.3339673913043478,0.35190217391304346,0.4201086956521739,0.3714673913043478,0.2714673913043478,0.264945652173913,0.2801630434782609,0.3040760869565217,0.33125,0.3763586956521739,0.36494565217391306,0.3690217391304348,0.34864130434782614,0.3448369565217391,0
9,0.4838086956521739,0.3419586956521739,0.2814869565217391,0.2723869565217391,0.2458978260869565,0.23679347826086958,0.2230717391304348,0.20419130434782606,0.20323478260869568,0.2876130434782609,0.2202217391304348,0.2713086956521739,0.3956239130434782,0.5043260869565218,0.5486239130434782,0.46220434782608694,0.3748347826086956,0.26465434782608693,0.18341086956521738,0.19251304347826084,0.24604565217391303,0.23123260869565215,0.2857130434782609,0.22810869565217393,0.15691304347826088,0.14658260869565218,0.16194565217391305,0.17281086956521738,0.1973978260869565,0.25650652173913047,0.13313695652173912,0.11058695652173912,0.14753695652173912,0.22525434782608694,0.37348260869565214,0.480404347826087,0.48570869565217395,0.5224,0.4957695652173913,0.5184478260869565,0.5418239130434782,0.6173630434782609,0.7609739130434783,0.77375,0.6770152173913043,0.690195652173913,0.6676391304347826,0.5865260869565218,0
10,0.28775,0.30065434782608697,0.2681782608695652,0.24739130434782605,0.25025,0.2521478260869565,0.2529608695652174,0.25051956521739127,0.2582695652173913,0.2495586956521739,0.25364565217391305,0.25459565217391306,0.2391065217391304,0.2448108695652174,0.2081304347826087,0.13190652173913045,0.10446739130434783,0.061939130434782615,0.03735434782608695,0.02376304347826087,0.04034565217391304,0.05555869565217391,0.042652173913043476,0.028795652173913045,0.03572608695652174,0.032871739130434785,0.035039130434782614,0.06384565217391304,0.06505869565217391,0.06873478260869566,0.06370217391304347,0.06261304347826087,0.05650434782608695,0.06641521739130435,0.16098478260869567,0.3127478260869565,0.3104413043478261,0.28231304347826086,0.2509282608695652,0.26886739130434784,0.2536413043478261,0.2850304347826087,0.29345217391304346,0.259895652173913,0.23625652173913042,0.2078565217391304,0.2206282608695652,0.32702173913043475,2
11,0.5183195652173913,0.4794608695652174,0.46071086956521745,0.41641086956521745,0.39902608695652175,0.4126130434782609,0.3840782608695652,0.38733478260869564,0.3543217391304348,0.36043913043478265,0.391145652173913,0.4063652173913043,0.45160000000000006,0.4151891304347826,0.45093260869565216,0.4438630434782609,0.4874760869565217,0.5880173913043478,0.6198195652173913,0.6296021739130435,0.6388326086956522,0.6469826086956522,0.6334021739130434,0.6577195652173913,0.6395152173913043,0.6772891304347827,0.6552760869565217,0.6726608695652174,0.6434565217391305,0.6191326086956522,0.6717130434782609,0.7177782608695652,0.7228021739130435,0.7267369565217391,0.7916826086956522,0.89875,0.9600260869565218,0.9052739130434783,0.7978021739130435,0.7687239130434783,0.8044586956521739,0.8301304347826087,0.8552739130434782,0.7531,0.7444021739130434,0.6537782608695651,0.5984782608695652,0.5498369565217391,3
12,0.012619565217391304,0.010428260869565217,0.009223913043478261,0.009071739130434783,0.006230434782608695,0.006904347826086957,0.00636304347826087,0.006632608695652174,0.005821739130434783,0.006363043478260869,0.00703695652173913,0.005958695652173913,0.0077130434782608686,0.006228260869565217,0.010028260869565219,0.028510869565217388,0.06819130434782608,0.08245217391304349,0.08313695652173912,0.05650434782608696,0.0018891304347826085,0.0024347826086956524,0.0036543478260869567,0.004339130434782608,0.0033891304347826085,0.0012130434782608695,0.0010782608695652173,0.0013543478260869565,0.002845652173913044,0.001758695652173913,0.0005391304347826086,0.0008108695652173913,0.0005391304347826086,0.0009434782608695652,0.0020260869565217393,0.0032434782608695653,0.003913043478260869,0.0025630434782608694,0.004180434782608696,0.0024282608695652174,0.0026956521739130435,0.002965217391304348,0.002426086956521739,0.028230434782608692,0.07879130434782608,0.0942586956521739,0.08789347826086956,0.09358043478260869,2
13,0.9714673913043478,0.9489130434782609,0.9353260869565218,0.9029891304347827,0.8173913043478261,0.6198369565217391,1.4192934782608695,1.35625,1.3983695652173913,1.01875,0.9163043478260869,0.6173913043478261,0.6358695652173914,0.6255434782608695,0.9035326086956522,0.9722826086956522,1.4081521739130436,1.5108695652173914,1.487228260869565,1.5823369565217391,1.6160326086956522,1.6418478260869567,1.7144021739130435,1.7029891304347828,1.7546195652173915,1.8396739130434783,1.8027173913043477,1.7255434782608696,1.6986413043478261,1.8608695652173912,1.4527173913043478,1.3953804347826086,1.3415760869565216,1.5255434782608694,1.705163043478261,1.5779891304347824,1.5603260869565219,1.5714673913043478,1.5421195652173914,1.5019021739130436,1.377717391304348,1.3679347826086956,1.288858695652174,0.8752717391304349,0.8603260869565218,0.9918478260869565,1.2826086956521738,1.0233695652173913,1
14,0.16723695652173912,0.20038478260869566,0.13094782608695651,0.18081739130434785,0.20078260869565218,0.1919586956521739,0.15405000000000002,0.1945391304347826,0.20894347826086956,0.16165869565217392,0.2420978260869565,0.29888695652173913,0.3624717391304348,0.32008695652173913,0.2533695652173913,0.15541304347826088,0.10161739130434784,0.11683695652173913,0.19238043478260872,0.16031739130434783,0.09768260869565218,0.04238913043478261,0.0235,0.015893478260869565,0.019697826086956523,0.009099999999999999,0.014804347826086955,0.05108478260869565,0.08450434782608697,0.1639891304347826,0.1490413043478261,0.13980217391304348,0.1785217391304348,0.18340652173913044,0.2497108695652174,0.39087391304347824,0.46818043478260873,0.4507891304347826,0.3742891304347826,0.4143782608695652,0.31043695652173914,0.3751086956521739,0.24059782608695654,0.22211739130434782,0.20473478260869565,0.16125652173913044,0.18026956521739132,0.15228913043478262,2
15,0.11328478260869565,0.10948260869565217,0.10921739130434782,0.10786086956521738,0.10228695652173914,0.1037804347826087,0.09861086956521739,0.09957391304347826,0.10460217391304348,0.10811956521739131,0.10948260869565217,0.12279565217391304,0.14522391304347826,0.13611521739130436,0.1126108695652174,0.11642173913043478,0.10365434782608697,0.0800086956521739,0.04999130434782608,0.04265652173913044,0.031789130434782605,0.016706521739130436,0.018747826086956524,0.02553695652173913,0.007063043478260869,0.01697173913043478,0.05420217391304348,0.06113478260869565,0.044286956521739126,0.08273260869565217,0.09631521739130436,0.09605217391304348,0.15433260869565218,0.2354391304347826,0.26179347826086957,0.29847826086956525,0.38992173913043476,0.3604347826086956,0.34888478260869565,0.29847826086956525,0.2691326086956522,0.21396956521739133,0.19807608695652174,0.16858695652173913,0.1369304347826087,0.11655217391304347,0.11859347826086956,0.12090217391304349,2
16,0.05527173913043478,0.04603260869565218,0.04467608695652174,0.04032391304347826,0.038969565217391304,0.03706304347826087,0.03815,0.03760869565217391,0.03747826086956522,0.03856086956521739,0.03828478260869565,0.03706521739130435,0.03557391304347826,0.03489347826086957,0.03394565217391304,0.03448913043478261,0.03313043478260869,0.0359804347826087,0.033267391304347825,0.03298695652173913,0.03122608695652174,0.03190217391304348,0.03163478260869566,0.03612391304347826,0.03897391304347826,0.04059565217391304,0.04168913043478261,0.03924347826086957,0.037747826086956524,0.040734782608695654,0.038297826086956525,0.04019565217391304,0.041691304347826086,0.05336956521739131,0.0476695652173913,0.05717826086956521,0.06166739130434783,0.057582608695652175,0.05310434782608696,0.04494782608695652,0.04005869565217391,0.034217391304347824,0.032458695652173915,0.03299347826086957,0.03312608695652174,0.03353260869565217,0.045893478260869564,0.05499999999999999,2
17,0.4005195652173913,0.391145652173913,0.4064978260869565,0.4179173913043478,0.39195869565217395,0.36193478260869566,0.3952217391304348,0.36425,0.3738934782608696,0.33965434782608694,0.3236173913043478,0.26532826086956524,0.2730782608695652,0.24685217391304348,0.23720000000000002,0.23815652173913043,0.22837391304347826,0.18584347826086955,0.18000217391304346,0.10759130434782609,0.11696956521739131,0.14264565217391303,0.12443478260869566,0.1332695652173913,0.13937608695652173,0.16573695652173911,0.1676391304347826,0.14603913043478262,0.19495434782608695,0.31261739130434785,0.4452152173913044,0.4999782608695652,0.5393826086956521,0.5886978260869565,0.6104347826086957,0.5528282608695652,0.5472586956521739,0.5124782608695653,0.5196782608695653,0.5040521739130435,0.49726086956521737,0.5090804347826087,0.5225282608695653,0.46573695652173913,0.43258478260869565,0.42578695652173915,0.4058217391304348,0.3959021739130435,0
18,0.36385869565217394,0.3048913043478261,0.3027173913043478,0.29130434782608694,0.21385869565217389,0.1375,0.06766304347826088,0.05951086956521739,0.06467391304347826,0.06739130434782609,0.06277173913043478,0.0608695652173913,0.06277173913043478,0.06168478260869565,0.06168478260869565,0.05652173913043478,0.04048913043478261,0.05434782608695652,0.08396739130434783,0.07038043478260869,0.05434782608695652,0.12554347826086956,0.1358695652173913,0.14021739130434782,0.13804347826086957,0.11766304347826088,0.13722826086956522,0.1282608695652174,0.14673913043478262,0.15733695652173915,0.02391304347826087,0.02282608695652174,0.034782608695652174,0.08233695652173913,0.07690217391304348,0.09157608695652175,0.25,0.22336956521739132,0.2964673913043478,0.3266304347826087,0.4478260869565217,0.5157608695652174,0.5839673913043477,0.6817934782608696,0.59375,0.5573369565217392,0.5535326086956521,0.45978260869565213,2
19,0.43831521739130436,0.41956521739130437,0.4190217391304348,0.4135869565217391,0.5807065217391304,0.9622282608695653,1.3559782608695652,1.402445652173913,1.6293478260869565,0.7581521739130435,0.48885869565217394,0.5152173913043478,0.5448369565217391,0.7535326086956522,0.5671195652173913,0.8190217391304347,0.5817934782608696,0.36168478260869563,0.2845108695652174,0.13016304347826085,0.1641304347826087,0.2554347826086957,0.19320652173913042,0.13152173913043477,0.14347826086956522,0.3372282608695652,0.1451086956521739,0.18858695652173915,0.15489130434782608,0.08967391304347826,0.15244565217391304,0.16521739130434784,0.3513586956521739,0.3233695652173913,0.3448369565217391,0.44782608695652176,0.6478260869565218,1.1741847826086955,1.035054347826087,1.017663043478261,0.8635869565217391,0.7913043478260869,0.6711956521739131,0.6706521739130435,0.6404891304347826,0.6043478260869566,0.5842391304347826,0.5739130434782609,3
20,1.8837804347826086,1.8856869565217393,1.8494065217391304,1.6063391304347825,1.193158695652174,0.6112282608695653,0.34535,0.21885434782608695,0.38664347826086953,0.5346108695652173,0.4964347826086957,0.9825673913043478,0.3397826086956522,0.2972565217391304,0.22292826086956521,0.1482086956521739,0.13516521739130435,0.11600869565217392,0.13068478260869565,0.13230652173913043,0.10622608695652173,0.08678913043478262,0.0892413043478261,0.08923913043478261,0.10390869565217391,0.10377391304347826,0.09970217391304347,0.10961956521739129,0.10024347826086957,0.09155217391304349,0.09466956521739131,0.11560869565217391,0.1309586956521739,0.16261304347826086,0.17524782608695655,0.19100217391304347,0.1929086956521739,0.2157391304347826,0.21451304347826086,0.18381304347826088,0.1499695652173913,0.1169608695652174,0.10975434782608696,0.10052173913043477,0.08978478260869564,0.08421521739130435,1.581058695652174,1.8440999999999999,0
21,0.21003260869565218,0.20894565217391303,0.20310434782608697,0.18787826086956522,0.18624999999999997,0.1869282608695652,0.1857086956521739,0.18856304347826086,0.17592173913043477,0.16464565217391305,0.14984565217391305,0.22715,0.28095434782608697,0.35459565217391303,0.30730869565217395,0.3136978260869565,0.3507891304347826,0.34087391304347825,0.3173565217391304,0.3646521739130435,0.32389347826086956,0.3441347826086956,0.37225434782608696,0.28394130434782605,0.2628804347826087,0.24087173913043478,0.23298260869565218,0.19276739130434783,0.16940434782608696,0.2613891304347826,0.44603478260869567,0.45799347826086956,0.4661413043478261,0.5563630434782609,0.6605782608695653,0.5665521739130435,0.5071782608695653,0.44699347826086955,0.5084,0.5423739130434783,0.46247608695652176,0.48964782608695656,0.36560217391304345,0.3407413043478261,0.2857065217391304,0.2622086956521739,0.25228260869565217,0.24494565217391304,0
22,0.1510608695652174,0.14725,0.15119347826086957,0.14181521739130434,0.1510608695652174,0.12891086956521738,0.1230695652173913,0.13189347826086956,0.11939999999999999,0.12890869565217392,0.12252608695652176,0.11980652173913044,0.10649565217391306,0.08829347826086956,0.07091739130434782,0.062497826086956525,0.04891086956521739,0.03872173913043478,0.036276086956521736,0.025406521739130435,0.019156521739130433,0.016302173913043477,0.0013565217391304347,0.0002717391304347826,0.0010869565217391304,0.006656521739130434,0.005026086956521739,0.011819565217391304,0.0016282608695652172,0.0010869565217391304,0.01535,0.013721739130434785,0.026628260869565216,0.03573043478260869,0.058282608695652174,0.07947173913043479,0.10039347826086957,0.11356304347826086,0.11355434782608695,0.1153282608695652,0.11491521739130435,0.12877608695652173,0.13719565217391305,0.14277608695652175,0.12687391304347825,0.10812608695652175,0.14127391304347825,0.17931956521739129,2
23,0.13271739130434784,0.12592173913043478,0.11383478260869564,0.11151739130434783,0.11192826086956521,0.11410217391304346,0.11301739130434782,0.11178695652173913,0.1138304347826087,0.0908717391304348,0.08856304347826087,0.09454347826086958,0.08896739130434782,0.08436304347826087,0.08816956521739129,0.11099347826086955,0.13559347826086957,0.04741086956521739,0.03355217391304348,0.03790434782608696,0.0341,0.02146304347826087,0.022415217391304344,0.03926086956521739,0.058826086956521736,0.06004999999999999,0.06521304347826087,0.03491086956521739,0.02091739130434783,0.06208695652173913,0.08844347826086958,0.09849347826086957,0.16670217391304348,0.19496304347826085,0.27567173913043475,0.30175,0.333545652173913,0.35310434782608696,0.3108413043478261,0.2643739130434783,0.24630652173913042,0.20201521739130435,0.21559565217391302,0.21410652173913045,0.19413478260869563,0.14875,0.13149565217391304,0.13489782608695652,2
24,0.11397173913043479,0.10472826086956522,0.10282391304347825,0.10391304347826087,0.10065652173913044,0.10500434782608696,0.10690652173913043,0.10241956521739129,0.10350869565217391,0.13326086956521738,0.14154565217391304,0.1473913043478261,0.13394565217391305,0.10554565217391305,0.08067608695652174,0.054189130434782615,0.04413478260869565,0.04061086956521739,0.045367391304347825,0.04442173913043478,0.0558304347826087,0.03395,0.07594130434782607,0.13069347826086958,0.17023695652173912,0.12064130434782609,0.15677608695652173,0.20541304347826086,0.23856086956521735,0.26655434782608695,0.25948695652173914,0.29413260869565216,0.3475304347826087,0.4464347826086957,0.4598913043478261,0.5274173913043478,0.5643717391304347,0.47742391304347825,0.4001195652173913,0.4642326086956522,0.45771956521739127,0.39970217391304347,0.36003043478260865,0.2880195652173913,0.2385608695652174,0.19535434782608696,0.15664130434782608,0.12769130434782608,2
25,3.5910326086956523,3.012771739130435,2.4576086956521737,1.8081521739130435,1.3641304347826086,0.9845108695652174,0.6994565217391304,0.4535326086956522,0.27853260869565216,0.24157608695652175,0.2627717391304348,0.3347826086956522,0.3510869565217391,0.20271739130434782,0.1095108695652174,0.06032608695652174,0.042391304347826085,0.018206521739130434,0.0,0.1529891304347826,0.17527173913043478,0.12092391304347826,0.11467391304347826,0.13994565217391305,0.1983695652173913,0.0766304347826087,0.1480978260869565,0.12826086956521737,0.11032608695652174,0.12853260869565217,0.17527173913043478,0.18804347826086953,0.10380434782608697,0.1967391304347826,0.30434782608695654,0.3997282608695652,0.5796195652173913,0.7038043478260869,0.7828804347826087,0.6953804347826087,0.6720108695652174,0.6391304347826087,0.5983695652173913,0.5434782608695652,1.5108695652173914,1.4383152173913043,3.9510869565217392,4.111141304347826,3
26,0.2070391304347826,0.1984804347826087,0.1536391304347826,0.12429782608695651,0.13013478260869565,0.12565434782608695,0.12239565217391304,0.12389130434782608,0.12157173913043477,0.12252608695652176,0.1230695652173913,0.12469565217391304,0.14032391304347827,0.2425,0.33489130434782605,0.5338065217391305,0.6474,0.7211739130434782,0.644545652173913,0.6859891304347826,0.6177847826086957,0.5419695652173914,0.4355804347826087,0.4815086956521739,0.48014565217391303,0.509091304347826,0.46492826086956524,0.38001521739130434,0.5075934782608695,0.5821804347826087,0.5173760869565217,0.647804347826087,0.80405,0.7480782608695652,0.6041913043478261,0.760841304347826,0.8020086956521739,0.9562260869565218,0.9113869565217392,0.80025,0.8029630434782608,0.7545913043478261,0.6225195652173913,0.508804347826087,0.3942673913043478,0.3177695652173913,0.22008695652173915,0.20255434782608697,0
27,0.0350195652173913,0.031210869565217392,0.037189130434782613,0.03338695652173913,0.038410869565217394,0.039365217391304344,0.043715217391304344,0.04494347826086957,0.048745652173913044,0.04847391304347826,0.05417826086956522,0.057708695652173916,0.06491521739130435,0.06832173913043478,0.047393478260869565,0.03964130434782609,0.05228478260869565,0.04181739130434783,0.023350000000000003,0.030817391304347824,0.02402391304347826,0.011802173913043479,0.007734782608695652,0.006104347826086956,0.0066521739130434784,0.005152173913043478,0.008143478260869565,0.019556521739130434,0.011404347826086958,0.007328260869565217,0.010045652173913044,0.042923913043478264,0.07118695652173913,0.10528695652173914,0.061117391304347825,0.033402173913043474,0.05336521739130435,0.03135217391304348,0.03637173913043478,0.029302173913043482,0.04480217391304348,0.03977173913043478,0.04479565217391304,0.045884782608695655,0.0483304347826087,0.03827391304347826,0.04017826086956522,0.0386804347826087,2
28,0.23475434782608695,0.2499695652173913,0.3543217391304348,0.39113478260869566,0.41287391304347826,0.9899260869565217,1.6289086956521739,2.1468521739130435,2.4615260869565216,1.4198152173913043,0.9400586956521739,0.9017347826086956,0.3121978260869565,0.5620652173913043,0.3604369565217392,0.36899565217391306,0.31342608695652174,0.327554347826087,0.30445434782608694,0.27701086956521737,0.2736239130434783,0.3242913043478261,0.3376065217391304,0.35935434782608694,0.3641,0.3638282608695652,0.4109826086956522,0.4752521739130435,0.5915456521739131,0.5123369565217392,0.5457630434782609,0.5700804347826087,0.5969847826086957,0.4872,0.5002434782608696,0.5142413043478261,0.5592217391304348,0.5181804347826088,0.430004347826087,0.388154347826087,0.4104326086956522,0.3619326086956522,0.41165,0.4142413043478261,0.4055456521739131,0.2831282608695652,0.2530934782608696,0.23272391304347825,3
29,0.6698369565217391,0.5391304347826087,0.3513586956521739,0.34646739130434784,0.3092391304347826,0.2236413043478261,0.2980978260869565,0.3029891304347826,0.275,0.26902173913043476,0.2554347826086957,0.18315217391304345,0.11467391304347826,0.16059782608695652,0.13722826086956522,0.1717391304347826,0.1638586956521739,0.08016304347826086,0.08396739130434783,0.12255434782608696,0.13288043478260872,0.09945652173913044,0.04891304347826087,0.05217391304347826,0.04673913043478261,0.10326086956521739,0.08722826086956523,0.14945652173913043,0.08342391304347826,0.06494565217391304,0.1078804347826087,0.12282608695652175,0.17010869565217393,0.2407608695652174,0.21684782608695652,0.27119565217391306,0.22717391304347825,0.23233695652173914,0.2684782608695652,0.3945652173913044,0.3809782608695652,0.36358695652173917,0.44239130434782614,0.38179347826086957,0.7625000000000001,0.5491847826086956,0.710054347826087,0.575,0
30,0.8691369565217392,0.8380217391304348,0.7456304347826087,0.6721217391304348,0.5819021739130434,0.5406,0.5287739130434782,0.49412826086956524,0.5179065217391304,0.5208956521739131,0.4376173913043478,0.42429347826086955,0.4195391304347826,0.41900652173913044,0.38122826086956524,0.23027608695652174,0.16356739130434783,0.11901521739130436,0.06004565217391305,0.05949782608695652,0.06479347826086956,0.08354347826086957,0.13680434782608697,0.11669130434782608,0.10310434782608695,0.12430000000000001,0.10595434782608695,0.0923695652173913,0.0581391304347826,0.10188695652173912,0.12607391304347826,0.21425652173913043,0.2813695652173913,0.4134326086956522,0.6574478260869565,0.9522891304347827,1.0445391304347826,1.1589434782608696,1.170213043478261,1.1312260869565218,1.0661391304347827,1.074704347826087,0.9291826086956521,0.9490282608695652,1.0139739130434784,0.9877478260869565,0.9252456521739131,0.9139739130434783,3
31,0.1915521739130435,0.1853,0.16152391304347827,0.10622391304347827,0.15731521739130436,0.10201086956521739,0.10337173913043478,0.1017391304347826,0.10432173913043478,0.10160652173913043,0.10065869565217392,0.12130217391304349,0.1525586956521739,0.1287826086956522,0.05962608695652174,0.04849347826086957,0.07784130434782609,0.1300195652173913,0.2406086956521739,0.24019999999999997,0.1953630434782609,0.2853108695652174,0.2603108695652174,0.3688695652173913,0.3205,0.33082826086956524,0.33069565217391306,0.33463478260869567,0.31249130434782607,0.19319782608695651,0.1758108695652174,0.17431086956521738,0.20257391304347827,0.20610652173913044,0.11805434782608697,0.14563478260869567,0.2563630434782609,0.2892413043478261,0.2688608695652174,0.20677173913043478,0.23449130434782609,0.21329130434782612,0.2078608695652174,0.19766739130434785,0.19059782608695652,0.23000217391304348,0.2336717391304348,0.21179565217391302,2
32,0.07620869565217392,0.08585217391304348,0.1063717391304348,0.10283913043478261,0.06723913043478262,0.062215217391304346,0.06465434782608695,0.06574782608695653,0.06506739130434783,0.0794695652173913,0.057447826086956526,0.05514565217391305,0.0658891304347826,0.06301086956521738,0.06791304347826087,0.07103913043478262,0.03462391304347826,0.021445652173913043,0.0055478260869565215,0.005947826086956522,0.002291304347826087,0.008795652173913043,0.0026956521739130435,0.004723913043478261,0.027017391304347823,0.03706521739130435,0.04889565217391305,0.04495,0.034902173913043476,0.01792391304347826,0.014256521739130435,0.030830434782608693,0.05093695652173912,0.06072391304347826,0.0713086956521739,0.029465217391304345,0.033132608695652176,0.03340434782608696,0.03408478260869565,0.027976086956521738,0.0668304347826087,0.07702173913043478,0.0741695652173913,0.1464521739130435,0.15514565217391305,0.11547173913043478,0.09455652173913043,0.03544130434782609,2
33,0.16356304347826087,0.20554565217391305,0.1658717391304348,0.14453913043478261,0.14209347826086957,0.14141739130434783,0.1482108695652174,0.13570869565217392,0.1376130434782609,0.14508260869565218,0.15215652173913044,0.17198478260869565,0.18680434782608696,0.21885652173913045,0.2745565217391304,0.269,0.21845,0.19684565217391303,0.18149130434782607,0.17443478260869563,0.18122173913043477,0.1842108695652174,0.18910869565217392,0.20703478260869565,0.2438586956521739,0.23435000000000003,0.22131086956521742,0.1994304347826087,0.20432391304347824,0.24603695652173913,0.2196717391304348,0.24276521739130433,0.2862434782608696,0.3191326086956522,0.4251108695652174,0.5054130434782609,0.5596217391304348,0.520904347826087,0.5442652173913044,0.5324521739130434,0.4548695652173913,0.39861739130434787,0.32566304347826086,0.2904652173913043,0.2567695652173913,0.2234804347826087,0.2101608695652174,0.16805,0
34,0.40228043478260866,0.37864565217391305,0.37103913043478265,0.36981304347826083,0.3668195652173913,0.36641521739130434,0.36030217391304353,0.3594826086956522,0.3598891304347826,0.3581239130434783,0.3521521739130435,0.38870217391304346,0.4052760869565218,0.39019130434782606,0.2927739130434783,0.30894782608695653,0.27333913043478264,0.22063260869565218,0.20282608695652174,0.1726695652173913,0.1944108695652174,0.23462608695652173,0.25472391304347825,0.2910086956521739,0.2986108695652174,0.3464434782608695,0.30160217391304345,0.3018804347826087,0.3028282608695652,0.2787826086956522,0.2725260869565217,0.2851717391304348,0.33013260869565214,0.4077239130434783,0.37633478260869563,0.4314978260869565,0.563695652173913,0.6639630434782609,0.6229369565217392,0.6211695652173913,0.5315021739130436,0.551054347826087,0.5778260869565217,0.4969891304347826,0.4714434782608695,0.4706239130434783,0.44264130434782606,0.4276913043478261,0
35,0.6646739130434782,0.5067934782608695,0.40869565217391307,0.3114130434782609,0.3029891304347826,0.25679347826086957,0.2203804347826087,0.19320652173913047,0.1951086956521739,0.14972826086956523,0.17010869565217393,0.20978260869565218,0.3388586956521739,0.3847826086956522,0.391304347826087,0.4418478260869565,0.4701086956521739,0.4611413043478261,0.4138586956521739,0.37336956521739134,0.34538043478260866,0.2845108695652174,0.28097826086956523,0.25815217391304346,0.26820652173913045,0.24483695652173912,0.2483695652173913,0.28396739130434784,0.24402173913043476,0.28940217391304346,0.27391304347826084,0.3220108695652174,0.3173913043478261,0.5252717391304348,0.7608695652173914,0.8184782608695652,0.8103260869565218,0.8388586956521739,1.046195652173913,1.1480978260869565,1.1953804347826087,1.3741847826086957,1.2834239130434784,1.1527173913043478,1.028532608695652,1.007608695652174,0.9451086956521739,0.8907608695652174,3
36,0.4870717391304348,0.4267456521739131,0.4151913043478261,0.41764347826086956,0.41274347826086955,0.3675021739130435,0.3505195652173913,0.3499717391304348,0.3327217391304348,0.33502608695652175,0.33774565217391306,0.35065434782608695,0.3525521739130435,0.389104347826087,0.4101630434782609,0.41070869565217394,0.42361739130434783,0.44222826086956524,0.42919130434782604,0.45825869565217386,0.42769565217391303,0.4624782608695652,0.4237565217391304,0.45527826086956524,0.4975282608695652,0.5222565217391305,0.5281,0.5677804347826086,0.6248326086956522,0.599158695652174,0.6181804347826086,0.6126108695652174,0.5757869565217392,0.5473913043478261,0.4986152173913043,0.5408695652173913,0.5969869565217392,0.6560934782608696,0.7147869565217392,0.68435,0.6661391304347827,0.5635652173913044,0.5556826086956521,0.5529630434782609,0.5377478260869565,0.5086717391304348,0.49535869565217394,0.4779608695652174,0
37,1.5122282608695652,1.5584239130434783,1.3654891304347827,1.2953804347826086,0.9682065217391305,0.9736413043478261,0.5160326086956522,0.5070652173913043,0.4964673913043478,0.34646739130434784,0.3535326086956522,0.9081521739130435,0.5646739130434782,0.7320652173913043,0.43342391304347827,0.3942934782608695,0.40135869565217386,0.28532608695652173,0.24320652173913043,0.23070652173913042,0.15027173913043476,0.1279891304347826,0.11711956521739131,0.15489130434782608,0.17798913043478262,0.1826086956521739,0.16059782608695652,0.23179347826086955,0.3070652173913043,0.3135869565217391,0.2673913043478261,0.36929347826086956,0.3690217391304348,0.5921195652173913,0.8815217391304347,0.9127717391304347,0.9339673913043478,0.9336956521739129,0.8932065217391304,0.8948369565217391,0.8402173913043478,0.7706521739130435,0.6491847826086957,0.6491847826086957,0.6480978260869565,0.7527173913043478,1.3285326086956522,1.3489130434782608,3
38,0.28505434782608696,0.1923913043478261,0.15815217391304348,0.16277173913043477,0.16168478260869565,0.15733695652173912,0.16032608695652173,0.15,0.1644021739130435,0.17853260869565218,0.21413043478260868,0.37255434782608693,0.3793478260869565,0.5970108695652173,0.43478260869565216,0.4986413043478261,0.5980978260869565,0.483695652173913,0.5741847826086957,0.5589673913043478,0.5065217391304347,0.5046195652173913,0.4970108695652174,0.6883152173913044,0.6703804347826087,0.6472826086956522,0.7182065217391305,0.6350543478260869,0.2823369565217391,0.3282608695652174,0.30625,0.24782608695652175,0.2793478260869565,0.28478260869565214,0.36277173913043476,0.47119565217391307,0.46902173913043477,0.47989130434782606,0.5211956521739131,0.535054347826087,0.5065217391304347,0.44782608695652176,0.5277173913043478,0.617663043478261,0.5040760869565217,0.4505434782608696,0.42201086956521744,0.29510869565217396,0
39,0.42527173913043476,0.36684782608695654,0.3404891304347826,0.2328804347826087,0.21983695652173915,0.21793478260869567,0.22228260869565217,0.21521739130434783,0.22092391304347825,0.23750000000000002,0.2483695652173913,0.36168478260869563,0.40706521739130436,0.4543478260869565,0.38858695652173914,0.22826086956521738,0.17798913043478262,0.325,0.28288043478260866,0.2986413043478261,0.1728260869565217,0.15054347826086956,0.16793478260869565,0.21684782608695655,0.18016304347826087,0.16358695652173913,0.17418478260869563,0.10163043478260869,0.09076086956521738,0.09320652173913042,0.08532608695652173,0.14347826086956522,0.17500000000000002,0.16630434782608697,0.2709239130434783,0.39701086956521736,0.5529891304347826,0.7038043478260869,0.7391304347826086,0.8141304347826087,0.7244565217391304,0.5355978260869565,0.48097826086956524,0.5214673913043478,0.5372282608695652,0.6051630434782609,0.6456521739130434,0.5372282608695652,0
40,0.11820652173913043,0.11929347826086956,0.1342391304347826,0.12581521739130433,0.11576086956521739,0.12201086956521738,0.11576086956521739,0.11168478260869566,0.13233695652173913,0.12119565217391305,0.12608695652173912,0.11657608695652173,0.1858695652173913,0.2279891304347826,0.2546195652173913,0.20244565217391305,0.16956521739130434,0.2252717391304348,0.23994565217391303,0.21983695652173915,0.33342391304347824,0.34728260869565214,0.4008152173913043,0.21005434782608695,0.17826086956521742,0.3875,0.4980978260869566,0.8660326086956521,0.904891304347826,0.9258152173913043,1.2529891304347824,0.9073369565217391,0.6633152173913043,0.5285326086956522,0.6122282608695652,0.5573369565217391,0.6285326086956522,0.7293478260869565,0.7532608695652173,0.616304347826087,0.42038043478260867,0.3782608695652174,0.39728260869565213,0.3173913043478261,0.27472826086956526,0.25815217391304346,0.2016304347826087,0.12038043478260871,0
41,0.25407608695652173,0.26114130434782606,0.2698369565217391,0.2915760869565217,0.2956521739130435,0.26304347826086955,0.24538043478260868,0.24375,0.21195652173913043,0.18804347826086956,0.16793478260869565,0.17309782608695654,0.22119565217391307,0.1845108695652174,0.12255434782608696,0.09239130434782608,0.09565217391304348,0.07527173913043478,0.07717391304347826,0.08260869565217392,0.04021739130434782,0.02309782608695652,0.014130434782608696,0.022282608695652174,0.023369565217391308,0.016576086956521737,0.020108695652173915,0.00923913043478261,0.04103260869565218,0.03206521739130435,0.03967391304347826,0.017391304347826087,0.029619565217391307,0.04646739130434783,0.05516304347826087,0.04483695652173913,0.04103260869565217,0.06385869565217392,0.08125,0.07527173913043478,0.07798913043478262,0.11195652173913044,0.14619565217391306,0.13532608695652174,0.15298913043478263,0.16277173913043477,0.17010869565217393,0.20380434782608695,2
42,0.45298913043478256,0.4570652173913043,0.43260869565217386,0.43260869565217386,0.4470108695652174,0.46467391304347827,0.48858695652173917,0.49320652173913043,0.5070652173913043,0.553804347826087,0.5567934782608696,0.5519021739130434,0.5646739130434782,0.5201086956521739,1.277445652173913,0.997554347826087,0.6866847826086956,0.4622282608695652,0.15380434782608696,0.12364130434782607,0.11114130434782608,0.09402173913043478,0.010869565217391304,0.00516304347826087,0.004619565217391305,0.010869565217391304,0.05625,0.10108695652173914,0.13396739130434784,0.20298913043478262,0.15842391304347825,0.03722826086956522,0.0703804347826087,0.09103260869565218,0.12690217391304348,0.15842391304347825,0.20625000000000002,0.2470108695652174,0.2940217391304348,0.2714673913043478,0.17581521739130435,0.19945652173913045,0.33695652173913043,0.41086956521739126,0.41331521739130433,0.5059782608695652,0.533695652173913,0.46603260869565216,0
43,0.05990000000000001,0.0603108695652174,0.06125869565217392,0.060315217391304354,0.06043695652173913,0.06057826086956521,0.061391304347826095,0.06153260869565218,0.06085434782608696,0.0737608695652174,0.11219347826086956,0.12524347826086957,0.13218478260869565,0.11465434782608695,0.07796739130434782,0.05772608695652175,0.03667391304347826,0.08299782608695652,0.13490652173913045,0.11819782608695652,0.18233043478260869,0.19061521739130435,0.08151086956521739,0.055289130434782605,0.03016086956521739,0.03994347826086957,0.02051304347826087,0.013582608695652174,0.04197826086956522,0.11765434782608696,0.1895326086956522,0.21453043478260872,0.19890217391304346,0.3185978260869565,0.3615260869565218,0.3775652173913044,0.3767456521739131,0.25663478260869566,0.20363695652173913,0.18964347826086955,0.1543217391304348,0.09739782608695652,0.10066086956521739,0.0736195652173913,0.0662804347826087,0.0638391304347826,0.06493260869565218,0.06153478260869565,2
44,0.5253847826086957,0.5252456521739131,0.5211695652173913,0.5203565217391304,0.5169630434782608,0.5141043478260869,0.49698478260869566,0.4918260869565217,0.17701521739130435,0.2066304347826087,0.16206521739130436,0.19005434782608696,0.20106086956521738,0.2623413043478261,0.29807608695652177,0.3085391304347826,0.24182826086956521,0.23000652173913042,0.20200869565217391,0.18068478260869567,0.1835326086956522,0.20051304347826085,0.16994565217391305,0.21247173913043477,0.17688260869565217,0.15798695652173914,0.17362391304347827,0.14495217391304346,0.12986956521739132,0.12891739130434782,0.12999999999999998,0.12959565217391306,0.1317695652173913,0.15350652173913043,0.16261521739130433,0.19454565217391304,0.21859130434782612,0.23421956521739132,0.2571782608695652,0.24658913043478262,0.28516521739130435,0.27891304347826085,0.6315021739130434,0.6039130434782609,0.6592173913043479,0.6753869565217391,0.6039130434782609,0.6128847826086956,0
45,0.058521739,0.058652174195652176,0.05739130415217391,0.056673913195652174,0.05649999963043478,0.05499999947826087,0.05513043476086956,0.055260869543478267,0.05480434819565217,0.053369565282608694,0.06252173882608696,0.07715217373913044,0.10902173947826087,0.1650000009347826,0.1218695647173913,0.13406521710869565,0.18095652108695653,0.12428260876086956,0.13321739254347828,0.11978260876086956,0.12291304247826086,0.1260217403695652,0.13584782630434783,0.1310217393695652,0.12699999982608695,0.12686956484782608,0.12752174052173912,0.13623913004347826,0.13543478282608695,0.15613043526086956,0.1406739126956522,0.13917391389130435,0.1783695662173913,0.24456521791304348,0.271586959173913,0.170739132,0.15008695667391303,0.15295652180434782,0.1090434787173913,0.1383260866956522,0.1325869570869565,0.14280434865217392,0.11180434886956522,0.09793478297826087,0.0699565219347826,0.06076086958695652,0.05854347832608695,0.060913043217391306,2
46,0.17950000065217392,0.17015217310869565,0.16884782602173914,0.1588913046521739,0.16119565097826086,0.16163043465217392,0.15395652078260869,0.160717392,0.15028260819565217,0.15276086849999998,0.14854347895652173,0.17939130360869565,0.18349999989130436,0.2548043501086957,0.5003913022391304,0.4026739163478261,0.23193478289130434,0.19765217406521737,0.1851521758478261,0.18586956282608696,0.20328260580434784,0.17523913276086955,0.1563695647391304,0.20343478017391306,0.20921739550000001,0.26278261223913046,0.2672826037173913,0.21704347819565217,0.2295652204347826,0.2985000033695652,0.4468260934565218,0.5660217378478261,0.5610869541956521,0.6716739173043479,0.7500652109999999,0.8670652210869565,0.906086941826087,0.8768043479347827,0.7378043512391305,0.8285217381304347,0.6874999961086956,0.5450652192826088,0.4944347837826087,0.40884782797826086,0.2939130428478261,0.2344130443695652,0.20504347782608698,0.19532608773913046,0
47,0.13158695708695653,0.12967391343478263,0.1295434779347826,0.12830434780434782,0.13069565223913043,0.1278695651304348,0.1291956524347826,0.13350000004347826,0.12428260910869567,0.1285217385,0.12917391219565216,0.1402826088478261,0.1561956519130435,0.14878260858695652,0.19426086836956524,0.20271739219565216,0.2098260873478261,0.24502174173913044,0.24178260902173912,0.22276086908695653,0.24169565197826087,0.21302173917391304,0.19430434682608697,0.20821739130434783,0.19432608626086956,0.21145652119565217,0.2258913048695652,0.2452391301521739,0.21854347917391306,0.21906521886956523,0.2291086948478261,0.2312826079347826,0.24217391123913046,0.2667173915,0.32676087236956525,0.3633913040869565,0.30889130339130433,0.25202173980434783,0.24395652245652175,0.2524130449347826,0.21363043545652174,0.19452173810869566,0.1788043476956522,0.16547826058695653,0.15930434747826086,0.1361086955,0.1357391309347826,0.1351304348478261,2
48,0.07130869613043478,0.06329347880434782,0.06899565260869565,0.06396739197826086,0.06451087008695652,0.062469566065217384,0.06668695760869565,0.05676521789130434,0.0668217395,0.061793478586956524,0.06356521802173913,0.06315652247826087,0.07986304360869564,0.11846521750000001,0.16369565273913042,0.1684543466521739,0.1571760865652174,0.12293260939130436,0.12633260895652174,0.12022173917391304,0.09726087045652174,0.09902608763043479,0.08543478326086956,0.08693478386956521,0.08584347804347826,0.08000000080434783,0.09181956597826088,0.08951304341304347,0.11206739239130434,0.10785434865217391,0.09902826119565218,0.10173695691304348,0.10364565247826087,0.14590217417391305,0.2058195632173913,0.26655434695652175,0.1797260877826087,0.1959000003695652,0.20649782584782608,0.2058152151521739,0.1869239127173913,0.19807391404347827,0.19467608828260868,0.1596217386956522,0.12415217473913043,0.0876130437826087,0.0797282612826087,0.07076304360869566,2
49,0.0488913047826087,0.04030434813043478,0.04015217397826087,0.04530434786956521,0.038152174,0.038086956217391305,0.040173913,0.037739130673913046,0.03945652208695652,0.03889130447826087,0.03730434826086957,0.03743478278260869,0.03823913052173913,0.037195652391304346,0.04206521773913043,0.04682608693478261,0.058413043717391304,0.08136956502173913,0.09045652173913042,0.08541304352173913,0.09167391310869565,0.10376087015217392,0.10580434817391306,0.11119565334782609,0.10102173886956523,0.10128260860869566,0.10013043491304349,0.10726086893478262,0.11876087058695653,0.11908695660869566,0.13852174026086955,0.15293478254347825,0.17952173936956523,0.2188260859782609,0.1704782617173913,0.13969565258695651,0.12476087039130436,0.13171739147826086,0.1358043482826087,0.13078260830434782,0.13428260952173912,0.13506521784782607,0.14447826065217392,0.13793478297826087,0.09678260876086957,0.07608695673913043,0.056978260543478265,0.05119565232608696,2
50,0.06373913067391304,0.053956521956521744,0.059999999543478254,0.05399999976086956,0.05926086947826087,0.049630434891304344,0.05091304358695652,0.04969565213043478,0.05528260893478261,0.050499999999999996,0.07658695606521738,0.09758695628260869,0.1364347813478261,0.10778260934782609,0.14008695626086956,0.19584782354347824,0.16917391352173913,0.14791304321739132,0.13102173882608695,0.15006521776086956,0.1661739132826087,0.13021739123913043,0.12719565267391306,0.14841304269565217,0.1361521741304348,0.1265869574347826,0.1351086940652174,0.12880434873913044,0.1303260862173913,0.12823913030434783,0.11863043339130434,0.12671739199999998,0.1164130448478261,0.12593478160869565,0.13676086919565217,0.18506521834782608,0.13636956582608697,0.1417826075,0.1824565215,0.19526086917391303,0.22256521734782608,0.22350000067391304,0.2533043456304348,0.16310869663043479,0.18571739017391306,0.10465217365217391,0.06428260832608697,0.07669565058695652,2
51,0.2316956523478261,0.22289130478260868,0.19973913189130438,0.20128260871739131,0.19886956491304347,0.19497826145652172,0.18936956476086958,0.2229782602608696,0.2301739126521739,0.2153913038695652,0.22741304430434783,0.22265217260869563,0.23854347836956522,0.26543478117391306,0.23580434882608695,0.23017391204347828,0.2762608699782609,0.30197826289130436,0.2972391284347826,0.3123043471521739,0.33108695726086956,0.3376521717826087,0.3177826083478261,0.3076521743913043,0.2827391325869565,0.3125652178478261,0.2951086931304348,0.30445652106521737,0.31782608408695656,0.32917391545652175,0.32445652202173914,0.3418695644565217,0.3317173935869565,0.3522173950434783,0.3580652151086956,0.35093478010869567,0.40191304589130433,0.49767390991304344,0.4379130410869565,0.3893043457608696,0.3784347836739131,0.3549782604130435,0.3433260845869565,0.3238695656086956,0.3147826097608695,0.2943043489130435,0.27695652295652173,0.24417391156521742,0
52,0.1930869564347826,0.19030434815217392,0.17054347886956522,0.1792608707391304,0.16819565295652175,0.1663913050652174,0.15463043623913042,0.1537391310217391,0.14006521823913043,0.1351956521521739,0.12839130436956522,0.1319565223478261,0.12423913052173914,0.11958695628260871,0.1154782607173913,0.12343478247826088,0.12723913073913043,0.12345652230434782,0.1376521732826087,0.15154347891304348,0.1529130425652174,0.15428260780434783,0.15989130395652174,0.16447826084782607,0.1761304342173913,0.18976086947826087,0.1832173898478261,0.1890434783043478,0.18880434780434782,0.20306521697826085,0.18756521780434782,0.18793478184782608,0.19871739197826088,0.18826087002173914,0.2047391313695652,0.19069565163043478,0.19604347934782607,0.1976086949782609,0.2104782605869565,0.21702174015217393,0.21565217360869565,0.21154347923913044,0.2098913052826087,0.20267391323913042,0.19997826058695653,0.19297826043478258,0.18906521797826087,0.1875434771304348,2
53,0.5046956506521739,0.5000652171956521,0.48995651704347826,0.4767608700217391,0.4769347815217391,0.4773043462826087,0.47115217195652176,0.48221739045652173,0.49465217652173915,0.48269565428260874,0.5079130475652174,0.5218260909565217,0.6172173878260869,0.703304352326087,0.6606956516086957,0.7497391305434783,1.237413033152174,1.2175869578913043,1.1800869560869565,1.169239141326087,1.1676521728695652,1.1229782570434783,1.071043475826087,1.0575000021086958,0.8658913018043478,0.7741739102391305,0.7258260868695652,0.6908043478478261,0.9994999973043478,1.1074130405434783,1.128630437347826,1.1447173939782609,1.172543475152174,1.2484130483043478,1.2754782593913043,1.3086739247608694,1.0277826118478262,0.8071304346304349,0.7893043445434782,0.8228043498260869,0.8233043557608696,0.8407826073913043,0.7945869493478261,0.6645869583043479,0.5881956539130434,0.5419782623913043,0.5464130465652174,0.5471739133043478,3
54,0.05038478317391304,0.06288260906521739,0.11655217226086956,0.11803695452173912,0.05269565252173913,0.05242173963043478,0.045082608652173915,0.05323913047826087,0.03815652195652174,0.05540652202173913,0.03502608676086956,0.07062826126086956,0.7848913041956521,0.6325847857391304,0.587741309,0.44331304906521735,0.18149347680434785,0.15907173739130434,0.15853043354347826,0.12117391317391304,0.11111956558695653,0.11668695695652175,0.0802739134347826,0.10513913071739131,0.07008043530434784,0.10948478282608695,0.15948261082608695,0.1600217390652174,0.11315,0.059754347565217386,0.09060000008695651,0.10663260891304348,0.17090000080434783,0.1217108702173913,0.09589782532608697,0.1085304345,0.12307391482608696,0.13462391230434784,0.1886999994130435,0.18556086808695652,0.13951086960869566,0.0999739137826087,0.08068260965217391,0.05961739171739131,0.050247826521739127,0.05283043506521739,0.048745653086956525,0.050923913304347826,2
55,0.24346086847826087,0.24562391530434782,0.2786413045869565,0.2869369557391304,0.2759260864130435,0.2764695656086956,0.2670978267173913,0.28013695532608696,0.2567673937826087,0.2781043504130435,0.2959000003478261,0.2838086945652174,0.3120673912826087,0.2861130443478261,0.368860867826087,0.40690217308695653,0.4149195656956522,0.4051391331521739,0.4183195664782609,0.4009326098260869,0.25744782469565214,0.2520043479782609,0.2688608676521739,0.26179565117391307,0.26654782619565215,0.2969847815652174,0.44277173878260867,0.4630152141086956,0.4559543451739131,0.470089126673913,0.46437825889130435,0.4612543506521739,0.3392413065869565,0.38503260695652175,0.42727825871739133,0.4908717373260869,0.5215826110434783,0.5151913066956522,0.5194086968478261,0.5513304308260869,0.5260586931304347,0.5138304348695651,0.41682173650000004,0.3332565179347826,0.2997043464782609,0.2775630433913044,0.25921304476086954,0.2408739148695652,0
56,0.12463043517391305,0.12569565321739132,0.11689130504347825,0.12469565276086957,0.125565218,0.11050000104347825,0.11939130410869565,0.12360869597826088,0.11019565308695652,0.12019565260869565,0.13130434782608696,0.15893478210869566,0.3802173916304348,0.9949782704782608,0.5721956522173913,0.4065652179347826,0.45865217132608693,0.4564565206086956,0.5004347840434782,0.4650652124130435,0.4669999982391304,0.5722826067826087,0.6247391289130435,0.5884347846086956,0.6449782568913044,0.6505434819565218,0.6644347766521739,0.6559782620869565,0.6066304319130434,0.6332391235,0.6898043478260869,0.6589782560434783,0.6902173842826087,0.6202391317826087,0.5811304334565218,0.538239137326087,0.5522173943043479,0.5292173936956521,0.4669782597173913,0.4104347877826087,0.31828261152173914,0.2931304363043478,0.20686956545652177,0.16252173889130433,0.14719565197826087,0.13130434839130437,0.13310869647826087,0.12497826206521738,0
57,0.29456521797826085,0.26114130441304345,0.2611413037608696,0.24864130630434783,0.24945652160869566,0.24076086930434784,0.24211956560869566,0.2440217383478261,0.2445652177173913,0.24103260882608693,0.24483695593478264,0.2486413056521739,0.24619565060869567,0.4008152173913043,0.38342391017391303,0.30951087145652173,0.27961956417391304,0.3763586956521739,0.36358695313043476,0.376086954173913,0.4154891313478261,0.5834239105652174,0.451086957173913,0.44320651984782605,0.3434782611304348,0.4220108704130435,0.5592391325869565,0.49782608480434787,0.4576086923260869,0.46630434691304345,0.4608695639782609,0.45516304380434786,0.5054347822826086,0.5682065208260869,0.6779891330434783,0.6970108747826087,0.7149456473695652,0.6720108704130435,0.5801630451086957,0.5796195634565218,0.5480978223043478,0.542391300173913,0.48559782360869563,0.5114130455652174,0.5097826090869565,0.48016303904347823,0.4616847805869565,0.3807065221304348,0
58,0.11715217263043477,0.1099130435,0.10736956515217391,0.1053043474347826,0.09991304360869564,0.10258695641304348,0.09656521693478261,0.10143478280434783,0.09745652193478262,0.10006521708695652,0.10510869647826088,0.15315217315217391,0.23832608669565217,0.18958695597826086,0.2176521747826087,0.2374565210869565,0.18293478269565216,0.16226086982608695,0.1655869565652174,0.1553695655217391,0.140043478,0.14565217389130436,0.13843478310869567,0.1863913055652174,0.17347826123913043,0.19950000089130435,0.1569565220869565,0.14228260930434783,0.1437173923695652,0.15382608652173912,0.17145652171739129,0.14950000032608696,0.18932608939130435,0.15452173945652173,0.17956521717391305,0.20000000039130436,0.21073912863043476,0.21206521769565218,0.2307173930652174,0.2309130437391304,0.2553695652826087,0.21489130404347828,0.18543478117391307,0.2054565225652174,0.20163043497826086,0.14973913054347826,0.12056521752173913,0.11889130484782609,2
59,0.07504347884782608,0.05254347817391304,0.04423913021739131,0.04586956576086957,0.03321739128260869,0.03254347834782609,0.035782608826086956,0.03308695636956521,0.03384782606521739,0.034565217521739126,0.03210869591304348,0.03086956536956522,0.03452173884782608,0.04095652130434783,0.038326087043478264,0.04430434758695652,0.045260869260869564,0.06341304445652174,0.11721739123913044,0.1137391299347826,0.11734782619565218,0.09576086952173914,0.10202173958695651,0.11554347934782609,0.11217391282608696,0.10930434786956521,0.08663043489130434,0.06156521743478261,0.06406521734782608,0.06486956556521739,0.052913043434782606,0.05097826132608696,0.04376086973913044,0.060282608565217395,0.10282608643478261,0.1330869561956522,0.20252174086956523,0.21008695752173914,0.20189130426086957,0.17771739036956524,0.1344565205652174,0.13249999930434783,0.13384782613043478,0.11586956615217392,0.11969565230434782,0.11910869480434784,0.09067391423913045,0.08271739130434783,2
60,0.1766956523478261,0.15860869523913043,0.16880434782608694,0.15799999934782608,0.14597826143478262,0.1425652181304348,0.1266521734347826,0.1413260862826087,0.13473913136956522,0.13441304326086956,0.1547826089347826,0.1407391299347826,0.20341304336956523,0.28134782523913043,0.3360652164130435,0.3301304359130435,0.3355869556521739,0.31254347804347826,0.28693478217391305,0.3088478250869565,0.33030434697826083,0.33452173663043483,0.42241304550000003,0.499326089173913,0.364000000673913,0.40710869813043477,0.39426086660869564,0.38100000276086954,0.42902174184782604,0.45347825999999997,0.5534347855652174,0.6437391338043479,0.5642173840869565,0.5331956548913044,0.49826087395652174,0.5922826089130434,0.6011086914565217,0.6539565268913043,0.6338695655000001,0.553065218673913,0.5278913009130435,0.515369564673913,0.32106521658695647,0.23328260847826088,0.2621956524782609,0.2391739117391304,0.21845652045652172,0.22582608797826087,0
61,0.1351521748478261,0.1360869558478261,0.14332608845652176,0.1461739129347826,0.1341739135,0.13315217439130436,0.13567391310869564,0.13289130473913044,0.13241304241304347,0.13267391302173914,0.13043478304347825,0.1307826095,0.1298260875,0.12908695752173913,0.13700000047826086,0.24486956569565216,0.25408695641304346,0.15400000089130436,0.16780434802173913,0.17530434852173912,0.18734782769565217,0.22149999973913043,0.2668260865217391,0.30889130552173916,0.19419565243478262,0.19206521752173913,0.1948478257173913,0.18556521773913046,0.21839130489130434,0.27100000069565217,0.3118260915652174,0.38834781997826084,0.4579999957173913,0.4915000005652174,0.49476086954347825,0.32206521452173914,0.3212826103478261,0.33945652619565214,0.2916739131304348,0.2694130423043478,0.2639565221521739,0.2555217359565217,0.22571739163043478,0.27854347908695654,0.20960869576086957,0.1650869554130435,0.14602173973913044,0.13852173980434782,2
62,0.7428043457826088,0.5910217377608695,0.5832173946956523,0.47326087167391306,0.45817391339130437,0.39728260560869566,0.36099999973913044,0.5106956516739131,0.7840217430434783,0.7915869608043479,0.42906521597826086,0.34169565239130434,0.6665000018043478,1.1466521699347825,0.5618260885,0.5229999953913044,0.44486956626086954,0.37876086891304345,0.5337173925434783,0.4386304347826087,0.44973912795652177,0.4585434755,0.4799130447391304,0.6138478267608696,0.6446304305217392,0.7084565207608695,0.7115869559130436,0.4417173883913043,0.43352173765217394,0.4824347833043478,0.451826087,0.44908695769565216,0.5380000049130436,0.4313478280652174,0.4205869574782609,0.44015217508695653,0.6118913016086956,0.6012391271304347,0.5790652180217392,0.7463043468043478,0.8621956537608696,1.1053478330652173,0.9986739128043479,1.0151739054347826,0.7900217410434783,0.7987391352391304,0.771065216673913,0.6820434769565218,3
63,0.0642173912826087,0.07884782589130435,0.08606521715217391,0.07365217413043477,0.07441304317391305,0.06654347847826086,0.06089130454347826,0.07063043495652174,0.059500000000000004,0.07293478256521739,0.082891304,0.1146086957826087,0.12313043517391305,0.17115217286956522,0.15956521752173913,0.13145652143478262,0.14158695632608695,0.17104347658695654,0.11706521784782609,0.1148695653695652,0.10982608695652173,0.11671739106521739,0.11280434936956521,0.15741304330434783,0.1522608690652174,0.125304349,0.09591304367391304,0.105543479,0.10086956560869566,0.10623913032608696,0.12630434780434782,0.12028260926086956,0.09671739099999999,0.08684782597826088,0.10504347891304347,0.1704347808478261,0.17458695552173914,0.2156739137826087,0.23673912997826088,0.18815217252173913,0.15119565206521737,0.17049999936956522,0.1458913040652174,0.1309782604347826,0.10286956523913045,0.08673913043478261,0.06947826113043477,0.06954347806521739,2
64,0.08286956469565218,0.07858695736956521,0.07397826097826087,0.07413043526086957,0.07167391297826087,0.07321739169565218,0.07115217391304349,0.06984782673913044,0.068934783,0.06739130482608696,0.08467391415217392,0.11354347841304349,0.15697826173913043,0.21693478326086957,0.2166304344347826,0.21610869491304346,0.20728260873913043,0.22571739382608697,0.25754347936956523,0.2155434780652174,0.1847391305,0.18467391332608696,0.1730869572826087,0.1674565212826087,0.1608478267826087,0.18754347860869566,0.21604347834782606,0.21476086876086956,0.23715217363043478,0.20104347867391303,0.16565217404347826,0.1591304353478261,0.23121739204347827,0.30680434704347825,0.31969565382608695,0.24093478145652172,0.23754347776086956,0.3149565207173913,0.39773912776086956,0.30980434830434783,0.2311521749347826,0.19832608723913045,0.19334782528260872,0.19995652189130436,0.17799999956521742,0.12926086991304347,0.10210869610869565,0.09136956547826088,2
65,0.29047826045652175,0.2731304335869565,0.2155434798478261,0.1882391314565217,0.18041304430434785,0.15326086980434783,0.14113043502173914,0.1384347826521739,0.12947826154347827,0.13323913080434782,0.16154347804347827,0.21091304402173913,0.35628260817391305,0.5430434762826087,0.4047391353043478,0.4906521752391304,0.4282826115652174,0.357065220673913,0.26489130526086957,0.23997826002173914,0.18160869610869568,0.17832608806521738,0.18671739199999998,0.17595652130434783,0.2048478266521739,0.19854347795652175,0.1800652180652174,0.20795652126086958,0.1512608692173913,0.2130000019347826,0.18356521767391304,0.22954347917391307,0.27867391628260874,0.34958695402173917,0.34615217278260874,0.28945652310869563,0.3573478234782609,0.6128260910652173,0.7414130421304348,0.6095434841956522,0.39928260986956526,0.4008913056304348,0.4492391292608696,0.41399999769565216,0.31013043432608695,0.37319565160869567,0.3736304333043478,0.2733913064130435,0
66,0.2628782618695652,0.20363913119565216,0.20894782723913044,0.19983695832608697,0.18897391265217392,0.1916826087173913,0.1799978259130435,0.18176521830434783,0.16926956560869566,0.16384130495652174,0.1751065208695652,0.2631543477826087,0.18136956450000002,0.21560434747826088,0.18014130354347827,0.14372826067391306,0.1339499999130435,0.08217608695652175,0.09821739160869565,0.10296521734782607,0.09685217480434781,0.09971304328260869,0.09318478273913043,0.10962608610869565,0.10079347673913044,0.10419347997826087,0.07253260889130435,0.03856956539130435,0.05365000006521739,0.0766086955,0.1325847822826087,0.17579130347826086,0.24181739143478262,0.2853021741086956,0.33381086986956526,0.38122825969565216,0.34113695686956524,0.36070652000000003,0.32741956495652175,0.336115214326087,0.35771956571739133,0.37606086858695653,0.3714434768478261,0.3827173925434782,0.45731304113043475,0.4526978288478261,0.42062826110869567,0.36179565202173913,2
67,0.15786304519565217,0.12633043617391304,0.09549782682608696,0.08638913073913045,0.07294130493478261,0.07184565319565217,0.06736956582608696,0.06614565302173914,0.0688652177173913,0.06995000034782609,0.05908043532608696,0.06329347897826086,0.053510870282608695,0.06098478345652174,0.06709782663043477,0.07375434776086956,0.0679152177826087,0.08095434867391305,0.08543913056521739,0.07606086930434783,0.08692174015217391,0.06967608732608696,0.08095217484782609,0.09726087039130435,0.10418913117391304,0.13516304345652175,0.11912826169565217,0.09494347891304347,0.0862500012173913,0.10174130563043478,0.09657826171739131,0.10622826171739132,0.13706521926086956,0.12239347967391304,0.16233913063043479,0.31954130376086953,0.3925065207173913,0.2933152178043478,0.24780000052173912,0.24481086839130434,0.19250000060869563,0.19413043382608694,0.18719999997826087,0.1877499988695652,0.178236957,0.18421521669565216,0.1694021743695652,0.17810434813043477,2
68,0.266869565673913,0.2640652190869565,0.2538260855869565,0.2589130443478261,0.2558478256521739,0.25239130530434783,0.2522826077826087,0.3071956530217391,0.312282607,0.31626086723913044,0.30530434936956524,0.3104130450434783,0.3080434792826087,0.31623912763043477,0.3437608675217391,0.3524347825217391,0.28158695734782613,0.2879565221956522,0.2981086953478261,0.3153695658913044,0.31376086991304347,0.3147173925869565,0.31063043545652175,0.29117391447826085,0.302782609673913,0.2981086937173913,0.30960869465217394,0.3257391323478261,0.34317391204347825,0.3334130424130435,0.3485434777173913,0.34991304445652177,0.3476304344130435,0.3558913028695652,0.37421739289130435,0.3626304339782609,0.3399782582608696,0.3473478254347826,0.3376739128695652,0.2912391304130435,0.280956522,0.2693260872826087,0.2775869560434783,0.2804565216521739,0.310891304673913,0.2931086961304348,0.25206521767391304,0.2487391298043478,0
69,0.21249999995652175,0.21494565223913042,0.22146739065217388,0.20271739184782608,0.212771739,0.2157608701521739,0.2135869565869565,0.21521739176086957,0.20271739267391303,0.20353260976086957,0.20217391330434784,0.23940217495652175,0.379076085326087,0.4334239149782609,0.5353260869347826,0.4532608691086956,0.42934782413043476,0.48858695704347826,0.36032608539130434,0.38586956619565216,0.3682065181521739,0.3635869557391304,0.2994565238043478,0.28885869682608695,0.31385869499999997,0.34891304308695653,0.3239130442608696,0.3255434774782609,0.3149456517826087,0.3157608693695652,0.32744565054347824,0.30407608526086954,0.3608695621521739,0.4804347821521739,0.5807065238260869,0.46657608904347825,0.39456521915217385,0.42146738663043476,0.4374999980434783,0.3953804305434783,0.3717391283478261,0.2967391305652174,0.2706521746304348,0.23913043543478257,0.23777173880434785,0.2355978268695652,0.21385869673913047,0.21875000097826086,0
70,0.09784782652173914,0.09128260830434783,0.08476086947826088,0.09060869576086956,0.07699999989130435,0.07317391376086957,0.07195652204347826,0.07415217408695651,0.07573913073913044,0.0709130435652174,0.0634347828695652,0.06991304350000001,0.0734130442826087,0.08730434782608695,0.13421739067391303,0.11899999980434783,0.11263043480434783,0.08782608676086957,0.079369565,0.10121739091304348,0.10545652176086957,0.08345652163043478,0.11982608804347826,0.10732608695652175,0.13393478197826086,0.1222173907826087,0.11526086989130435,0.1373260878478261,0.1650869578478261,0.22049999976086956,0.1291956523478261,0.13576086902173912,0.1374782605652174,0.1483478270869565,0.16604347854347826,0.15680434856521738,0.1806956514347826,0.18110869480434783,0.16695652345652173,0.15780434841304347,0.13460869576086956,0.1313695645,0.12267391310869566,0.13441304304347826,0.1378260869347826,0.13176086965217393,0.12510869617391304,0.10513043506521738,2
71,0.3691304352608695,0.31526087089130433,0.16773913139130436,0.1302608692826087,0.0960652172826087,0.09708695765217391,0.09752173902173913,0.0938260870652174,0.09189130426086957,0.09506521719565218,0.12219565245652174,0.13269565291304347,0.10456521760869564,0.14236956480434781,0.27682608689130433,0.544608695826087,0.558608703826087,0.5239782614565217,0.3767391279130435,0.3537826102826087,0.22760869484782612,0.20352174126086955,0.2522391318695652,0.36973913180434786,0.38304348147826084,0.23697826310869563,0.24754347508695654,0.24221739010869567,0.21365217423913044,0.18193478286956524,0.1947391318478261,0.22613043397826085,0.2704999981304348,0.4734130423695652,0.6223695558478262,0.5030217410869565,0.5717391255434783,0.5211956529782609,0.39634782430434784,0.4598695660652174,0.5906304443043479,0.7805869590434782,0.7286521782391304,0.5871304345434784,0.636456519826087,0.5272173915,0.5234999975217391,0.4116521725217392,0
72,1.026499998326087,0.9901739112391305,1.0156521732608697,0.9903478311304348,1.0330217402173913,0.9939130480652174,1.0759782597391305,1.071347822347826,1.1198260810434781,1.320152177826087,1.3826521699565217,1.1567173911304347,1.3319130448913044,1.4640434720869566,1.5895869447173911,1.7715869585217392,1.8295434739347824,1.8757608675869564,1.8256086979130435,1.934804341043478,1.9686521862826087,1.9940217345,1.9763912946956521,2.0913695615,2.0291739080217392,2.1563478332608694,2.1998478252173914,1.9849130381956521,2.0108043474347825,1.8526521726956522,1.7904347828913045,1.868978269652174,1.8483478297173912,1.8222826162391303,1.783282607826087,1.7884999966521737,1.7128695638478262,1.6029130453913043,1.5319347835652173,1.5285000010434782,1.4800000034782608,1.4986956572826087,1.5251956621739131,1.4213695669130433,1.2504782689782608,1.1499347907391304,1.1280434792173912,1.0794999937173912,1
73,0.11293478260869566,0.11050000002173914,0.11034782582608696,0.11095652154347826,0.10786956563043479,0.10360869608695653,0.10960869595652174,0.10978260863043478,0.11226087002173912,0.1084565216521739,0.11904347815217392,0.1308043476521739,0.15506521676086957,0.18726086997826089,0.21680434682608696,0.23880434539130438,0.22489130419565218,0.22499999958695652,0.18365217573913045,0.17852173973913044,0.2059347817173913,0.21860869541304348,0.171999999,0.20934782523913043,0.19593478428260871,0.218891302,0.1808260857826087,0.2017173920217391,0.2170434787173913,0.21897825908695653,0.21243478426086956,0.2467608669347826,0.24373913102173914,0.20647826091304347,0.21021739169565218,0.19715217541304347,0.2425217401956522,0.1959347820217391,0.2120869566304348,0.24065217230434782,0.24252173691304346,0.23804347780434781,0.31704347808695654,0.2742391330869565,0.15745652239130434,0.15360869595652174,0.14184782580434782,0.12069565202173912,2
74,0.06395652165217391,0.049173913065217394,0.06013043517391305,0.06756521723913043,0.06769565169565218,0.0892391302173913,0.0606956522173913,0.07232608791304349,0.072152174,0.15976086991304347,0.05721739160869565,0.16104347873913044,0.1834782607608696,0.19634782580434784,0.17132608826086956,0.19665217299999999,0.2873695666086956,0.2789565179782609,0.1793478287826087,0.18347826065217393,0.14078260732608697,0.1565652162173913,0.3032391282826087,0.2530000007391304,0.18978260984782608,0.24893478343478262,0.23260869710869564,0.1313043480869565,0.1293695639347826,0.1270217382826087,0.0750652174347826,0.11663043417391304,0.11154347906521739,0.08280434769565218,0.1258043474347826,0.09750000073913044,0.18250000134782607,0.15847826302173915,0.1424565216521739,0.18593478202173913,0.1796304345652174,0.3370217406304348,0.2514565188913043,0.2281521726521739,0.14804347760869566,0.07550000036956521,0.0681956520652174,0.10619565241304348,2
75,0.2715869561521739,0.26795652123913044,0.26747826123913043,0.2646956537173913,0.2617826082173913,0.26132608719565215,0.25815217482608693,0.25863043313043477,0.25423912923913045,0.2564782612391304,0.3119130435217391,0.3222608701956522,0.3281521745434782,0.30699999889130436,0.2273913043695652,0.1425000003478261,0.10508695617391305,0.18506521695652173,0.294521739326087,0.24226086897826085,0.18358695532608693,0.1623913033695652,0.11545652115217392,0.13789130497826085,0.1258913055,0.15865217197826087,0.15665217397826087,0.15771739197826087,0.2061304333043478,0.22132608756521738,0.2587173910652174,0.31067391252173915,0.3955217392826087,0.36215217471739125,0.17517391528260867,0.3011304358478261,0.3844347816304348,0.43813043636956517,0.39460869358695655,0.42030434989130433,0.46778260726086957,0.4210217368043478,0.41806522047826083,0.3963695658043478,0.38341304332608694,0.3213260863695652,0.2872173905869565,0.2732826063043478,0
76,0.06476086913043479,0.056565217565217395,0.05015217386956522,0.05221739145652173,0.05313043476086956,0.047521738804347825,0.051391304456521736,0.055934782760869564,0.06769565182608696,0.05373913123913043,0.05665217417391304,0.05304347839130435,0.05519565236956522,0.06669565234782608,0.0883695662173913,0.16280434545652173,0.34010869295652174,0.3392608671304348,0.23434782619565217,0.27913043495652173,0.3023695602826087,0.25310869397826086,0.21808695734782607,0.2093695648478261,0.15634782486956522,0.18145652226086956,0.18528261,0.15332608789130434,0.21763043565217388,0.19428260997826088,0.2638913054782609,0.3203913010869565,0.2667173937826087,0.2523478272826087,0.32682608782608696,0.2865869556956522,0.24495651899999998,0.21534782786956522,0.20597826045652173,0.19223913252173916,0.18404347980434782,0.19736956256521737,0.20865217454347826,0.1731739145,0.14619565291304348,0.14206521758695653,0.10819565234782609,0.081086957,2
77,0.0592391307173913,0.05834782632608695,0.05702173897826087,0.05665217410869565,0.05834782595652174,0.05656521763043478,0.05682608756521739,0.055891304608695645,0.05728260891304347,0.056739130695652173,0.05732608713043478,0.0625652176521739,0.07271739160869566,0.10045652199999999,0.11323913104347827,0.11849999971739131,0.10473913002173912,0.10493478271739132,0.11191304410869565,0.10193478228260869,0.09926087013043479,0.09541304417391305,0.09204347852173914,0.09530434767391303,0.0972826089130435,0.09473913102173913,0.09128260895652174,0.08889130506521738,0.09189130439130436,0.08963043519565217,0.1018478260652174,0.1020434779347826,0.1034130437173913,0.10530434802173913,0.10952173945652173,0.10891304347826086,0.11776087008695653,0.11989130447826088,0.16032608613043478,0.12206521782608695,0.11539130434782609,0.11165217384782608,0.11036956532608697,0.0972391299347826,0.0926304348478261,0.07639130436956522,0.06656521739130435,0.06386956554347827,2
78,0.2327608696521739,0.19860869434782608,0.19704347849999998,0.1830652163478261,0.15139130504347825,0.17469565260869563,0.1666956520652174,0.1774347834347826,0.1562826091521739,0.14721739189130434,0.15654347997826087,0.13276086993478262,0.12269565184782608,0.08434782669565218,0.08382608652173913,0.0891739128478261,0.09413043423913044,0.1105434779347826,0.1184347825,0.1093478257826087,0.1110217399347826,0.1280434771521739,0.13126086967391304,0.15321739126086956,0.1157608707826087,0.09217391369565217,0.11845652143478262,0.17667391460869564,0.21167391202173913,0.1698695651521739,0.13004347904347827,0.11163043536956523,0.14478260956521738,0.17230434745652173,0.21826087132608696,0.1584130432173913,0.14082608847826086,0.19484782502173914,0.23286956345652174,0.21200000186956522,0.22147826097826084,0.2073695662826087,0.18678260865217391,0.19728260973913042,0.1823913036521739,0.25849999952173913,0.21754347989130435,0.2099565226304348,2
79,0.08478260915217391,0.08745652145652175,0.08439130417391304,0.08817391308695653,0.08795652191304348,0.0848260868695652,0.09408695723913044,0.09602173954347826,0.08528260854347826,0.08049999984782609,0.07902173923913045,0.084956522,0.17852173960869563,0.27119565239130433,0.22689130458695653,0.16293478254347826,0.17328260869565218,0.13560869632608696,0.1203478253695652,0.10306521726086956,0.11719565250000001,0.10486956482608696,0.09804347841304349,0.11106521865217392,0.10465217317391304,0.11710869510869566,0.12010869595652174,0.1122608705,0.14523913073913045,0.20797826167391303,0.1840217399347826,0.16484782565217393,0.15652173932608696,0.14626086954347825,0.16982608545652172,0.19797826084782608,0.2164130448043478,0.2591521736304348,0.30773912995652175,0.3723260856956522,0.3896739175652174,0.2645217380434783,0.18493478341304345,0.13334782636956521,0.1047173911521739,0.09417391310869565,0.09295652247826088,0.08589130408695653,2
80,0.15567826421739128,0.15921304604347825,0.1518804369347826,0.1581326106304348,0.14753478476086956,0.1505152188695652,0.1472608715217391,0.1391043493478261,0.12632608973913043,0.1498456542826087,0.14005652463043478,0.13584348060869567,0.1950869597173913,0.34400000160869565,0.3873434769130435,0.2759217417608696,0.18190217273913045,0.1603000000652174,0.17144782591304347,0.1627369565652174,0.1658717395,0.1887000003478261,0.22918478234782608,0.23937608591304346,0.21777608680434782,0.2062282594347826,0.22714782489130433,0.25799130454347824,0.2350326076521739,0.2141043485652174,0.2495652158695652,0.20853043317391307,0.23558043213043475,0.45662826154347824,0.5620630457391304,0.5321782627608695,0.34752608660869566,0.23978478186956523,0.20717391326086956,0.20255434889130433,0.20486956591304348,0.21886087,0.22538043543478262,0.22646521732608696,0.1718543489130435,0.16192826258695653,0.15798913236956522,0.15975652380434782,2
81,0.2778260852173913,0.2881499977826087,0.2832608710869565,0.24671739063043477,0.20854347760869568,0.1840760881521739,0.17157608741304348,0.1524195656304348,0.15718043556521738,0.14888913134782608,0.13327173941304346,0.13815000123913043,0.1263347834130435,0.11845652336956522,0.12374782765217392,0.11315434815217391,0.12823478284782608,0.1456260882826087,0.16655434715217393,0.14711521823913043,0.14875217406521737,0.1513304362173913,0.1631565215869565,0.16437391421739128,0.18068260928260868,0.19712391256521739,0.16015869658695653,0.1691326099130435,0.17483695665217389,0.14969782713043478,0.19793695567391306,0.20989782754347827,0.23448478354347826,0.2520152193695652,0.3003760855217391,0.29114565213043475,0.3679130421739131,0.3840826092608695,0.3514739124130435,0.3453565211956522,0.27836956506521743,0.23027173932608697,0.23761521736956523,0.25798912995652173,0.2242934776956522,0.23245652030434782,0.261528260173913,0.2604391301086957,2
82,0.26252173795652173,0.2243913042173913,0.1687608702173913,0.1776304351956522,0.16965217402173913,0.16876086804347826,0.16886956439130435,0.1674565219347826,0.164,0.16771739141304348,0.1659782611304348,0.1682608694347826,0.16402173886956523,0.17108695695652174,0.17982608730434782,0.20032608739130434,0.22495652123913046,0.2574782617826087,0.22371739050000003,0.2276304344782609,0.24771739078260868,0.22839130423913043,0.2623260860652174,0.26089130371739133,0.23865217580434783,0.22530435021739129,0.20282608717391307,0.19715217302173912,0.18682608752173913,0.21006521810869563,0.20315217467391306,0.20589130502173916,0.1959565205652174,0.24193478410869565,0.38006521726086956,0.4567173900652174,0.45104347619565216,0.40441304243478265,0.39430434836956524,0.5413913068913043,0.6232608743913043,0.4711304391086956,0.42330435045652176,0.37091304458695656,0.3313260861304348,0.27791304499999997,0.21334782702173913,0.23176086895652176,0
83,0.33830434647826085,0.260065218,0.2604130414782609,0.218152173,0.2030000005217391,0.2506521743695652,0.23567391282608696,0.24310869606521737,0.2488260865869565,0.25941304402173915,0.27821739302173915,0.2601521709782609,0.2841521761956522,0.38806521793478266,0.42284782763043477,0.464586957326087,0.4778478283043478,0.40923913006521745,0.4197608688913043,0.3531521735217391,0.3156739144347826,0.2864130443695652,0.2822826123913043,0.24536956778260868,0.24815217356521738,0.3073260894130435,0.33041304539130434,0.2982826126956522,0.25954347730434785,0.2852826067826087,0.2875869559130435,0.2694130440652174,0.3021304347391304,0.3599782591304348,0.5064782609130435,0.5456739164347827,0.6649347842608695,0.6000869547826087,0.6131739138260869,0.6976521737826087,0.6180869565434782,0.610804349326087,0.6935000038695652,0.6697608679782608,0.5624347825,0.49047826228260866,0.44580434813043474,0.39602173973913046,0
84,0.15106739173913045,0.13190217441304347,0.1298673917826087,0.11560434871739131,0.12049565313043478,0.12144565389130435,0.1154695660652174,0.12022391343478261,0.11301956593478261,0.13584347826086957,0.1128826095,0.13367174147826089,0.18598478332608695,0.2806826100434783,0.25283260995652174,0.24142173969565217,0.24249565176086957,0.22130652126086955,0.23000434739130435,0.26478913039130436,0.23271304456521738,0.2127478294565217,0.24032173858695652,0.2270173922826087,0.23462391289130433,0.19590217417391304,0.20160217454347826,0.23408260889130436,0.23190217376086955,0.2219956530869565,0.2298630452826087,0.22483913106521738,0.2035043480869565,0.25527174030434785,0.26274999973913044,0.3808130447173913,0.3994391332391304,0.3532369568043478,0.3361195650869565,0.3533673902173913,0.354460869826087,0.3713086937608696,0.3554086957608696,0.3317717389130435,0.22809999949999998,0.14820652289130434,0.13177391354347828,0.13841956586956522,2
85,0.06556521726086957,0.07469565208695653,0.07276086984782609,0.07695652186956523,0.06313043523913044,0.07215217330434782,0.06619565223913045,0.0742173909347826,0.06195652189130435,0.06134782589130435,0.060891304478260876,0.06423913073913043,0.07310869604347826,0.0748695647173913,0.08419565265217391,0.11778260880434782,0.12532608730434783,0.1898478269347826,0.17639130391304345,0.16650000080434782,0.16613043458695653,0.18967391254347826,0.17873912995652172,0.2280869561521739,0.25486956667391303,0.2672391295869565,0.2539782595652174,0.26832608404347824,0.28267391202173914,0.2633260860869565,0.3591086954130435,0.38599999871739127,0.5627173900869565,0.4496956486956522,0.28717391239130435,0.3133043474347826,0.2642391282826087,0.19978261195652172,0.15991304308695653,0.1290652181521739,0.12767391352173912,0.11682608634782608,0.17736956536956522,0.14976087026086957,0.0978478262173913,0.07973913043478262,0.07032608721739131,0.0667173915,2
86,0.527413042347826,0.519673916673913,0.5054347810217391,0.5954999997391305,0.6523478284347827,0.5688695612608695,0.6810217383478261,0.6186521714347826,0.6325434860869565,0.5038260923695652,0.5390434809130434,0.49236956821739136,0.4742173957173913,0.5191086965869566,0.5667173926304347,0.5275434766956522,0.545760868326087,0.48967391450000003,0.5646521737391305,0.6442391315217391,0.5221304320217391,0.5407391268043478,0.6155652144782608,0.6309565220434782,0.5324782615217392,0.6141086981956522,0.5399130459130435,0.6840000003913044,0.5862826079565217,0.4509782586521739,0.5025652155,0.5059130480869566,0.5399347848478261,0.5069130406739131,0.5076956519347826,0.5632608713913043,0.6659782589130435,0.7441086931086957,0.6525869595652174,0.5842391330434783,0.5381739129782609,0.46986956695652177,0.49889130371739127,0.5240000021086957,0.5443043475652174,0.5408043511086956,0.5427391299565217,0.5404130472608696,3
87,0.24970217489130436,0.2353021747173913,0.22619565369565217,0.21994347923913043,0.2206260878043478,0.21831956619565218,0.21438043613043475,0.215465218,0.21546087045652176,0.23448478189130434,0.2401891304130435,0.24658043439130434,0.2752478257173913,0.30716956428260866,0.3280978230217391,0.3244260871956522,0.3119369555434783,0.34820652058695656,0.3608434768695652,0.3419608663043478,0.36573912995652175,0.35011304217391304,0.3592173882826087,0.3623391313478261,0.3823152182826087,0.35024782382608693,0.28788043382608697,0.28543912958695655,0.30146521769565215,0.31777825932608694,0.3156000008043478,0.31736738993478264,0.3302760870869565,0.34522391189130436,0.34154347869565216,0.3915499978478261,0.4162804359347826,0.4037826082173913,0.4203543467173913,0.4221217394130435,0.4405978226086956,0.44399782608695654,0.36519565186956526,0.382036954,0.37551521849999997,0.3812195637826087,0.3477999974347826,0.3077173921739131,0
88,0.10504347813043478,0.10426087010869564,0.10876086947826087,0.10804347936956521,0.10745652215217392,0.1092173918478261,0.11395652256521738,0.1122608688478261,0.11078260830434783,0.12430434752173912,0.1969347836521739,0.34380434952173916,0.31908695723913044,0.3597608693913043,0.2778260876956522,0.30034782539130433,0.3361086985,0.3038695662173913,0.33486956543478263,0.3110869570434783,0.3107826101956522,0.2711304337173913,0.22345652208695652,0.216695652,0.32682608230434784,0.30354348086956523,0.21534782421739132,0.21358695706521738,0.32980434834782607,0.33836956584782607,0.3953695641304348,0.35121738876086955,0.38702173863043476,0.31713043719565215,0.2494565216304348,0.2010652166521739,0.1814565220652174,0.1662608692826087,0.1593260873478261,0.13228260897826088,0.13832608715217393,0.14310869634782608,0.123326087,0.11815217432608696,0.1113260872173913,0.12384782558695652,0.11360869582608694,0.09760869576086956,2
